coverage_cluster_cat,disco,playId,expectedPointsAdded
1,Not DISCO,4838,0.002822001118512706
1,DISCO,1340,-0.04638310678257547
2,Not DISCO,1600,0.024319090390907707
2,DISCO,354,-0.027028796746404852
3,Not DISCO,1781,-0.0449313897290467
3,DISCO,82,0.3305519264608449
4,Not DISCO,1628,0.023470471669580342
4,DISCO,65,0.1732831813072966
